stage,scenario,n,p,learner,tabicl_estimators,success_count,failure_count,oom_count,bias,rmse,empirical_sd,mean_standard_error,coverage,mean_interval_length,mean_runtime_seconds,mean_l_mse,mean_m_mse,bias_mcse,config,abs_bias,coverage_gap,rmse_rank,runtime_rank,coverage_rank,mean_nuisance_error_product
stage2,linear,2000,50,ensemble,0,100,0,0,0.0033036212317459,0.0247876985950603,0.0246903262534485,0.0224119571150428,0.94,0.0878532575370803,3296.3446144940017,0.0233061372028053,0.0104273312889271,0.0024690326253448,linear_n2000_p50,0.0033036212317459,0.01,1.0,7.0,1.0,0.01531812661209948
stage2,linear,2000,50,tabiclv2_1,1,100,0,0,0.0020414383818978,0.0249515172735219,0.0249931453953137,0.0224324115199605,0.93,0.087933437331008,4.900957251001382,0.0179031865103248,0.0086712637386141,0.0024993145395313,linear_n2000_p50,0.0020414383818978,0.0199999999999999,2.0,2.0,3.0,0.012323527112636448
stage2,linear,2000,50,lasso,0,100,0,0,0.0034855518338065,0.0249913811453297,0.0248717936863579,0.0224044050349676,0.94,0.087823653927169,0.1160781490034423,0.0218588127176173,0.0097171504839584,0.0024871793686357,linear_n2000_p50,0.0034855518338065,0.01,3.0,1.0,1.0,0.014310028674122123
stage2,linear,2000,50,tabiclv2_8,8,100,0,0,0.0027908097741716,0.0250152222965886,0.0249842925878093,0.0224272666351633,0.93,0.087913269753194,13.521743524005869,0.0164452288730414,0.0072190572155991,0.0024984292587809,linear_n2000_p50,0.0027908097741716,0.0199999999999999,4.0,4.0,3.0,0.010757583703469617
stage2,linear,2000,50,xgboost,0,100,0,0,-0.017927414933082,0.0311887578260985,0.0256500616998121,0.0228741368121168,0.83,0.0896649686583819,555.3958624450024,0.1729605404151592,0.0885597197887482,0.0025650061699812,linear_n2000_p50,0.017927414933082,0.12,5.0,5.0,5.0,0.12364833606010359
stage2,linear,2000,50,random_forest,0,100,0,0,-0.0315927946581108,0.0400762512187287,0.0247819019463372,0.0228942025006961,0.69,0.0897436247122626,731.0385355470039,0.1722099961404057,0.1056530169912462,0.0024781901946337,linear_n2000_p50,0.0315927946581108,0.26,6.0,6.0,6.0,0.13476246329968772
stage2,linear,2000,50,mlp,0,100,0,0,-0.1098335690372207,0.1132019891056768,0.0275475245918619,0.0246033690688843,0.01,0.0964434345467203,10.398382420991547,0.3694799747873303,0.1938328710338079,0.0027547524591861,linear_n2000_p50,0.1098335690372207,0.94,7.0,3.0,7.0,0.2673978916342225
stage2,smooth,500,50,tabiclv2_1,1,100,0,0,0.0021316127847724,0.0496940658029605,0.0498984463935468,0.05004100242859,0.94,0.1961571250206355,4.28641352899489,0.4497182217198701,0.0928620889846884,0.0049898446393546,smooth_n500_p50,0.0021316127847724,0.01,1.0,3.0,2.0,0.20310730420517029
stage2,smooth,500,50,tabiclv2_8,8,100,0,0,0.0022963014751647,0.0496996325331965,0.0498966656794742,0.0500652617298369,0.94,0.1962522197341039,9.445156072999817,0.4435457389220248,0.0880559447642936,0.0049896665679474,smooth_n500_p50,0.0022963014751647,0.01,2.0,4.0,2.0,0.19646190686684012
stage2,smooth,500,50,ensemble,0,100,0,0,-0.0007431460400161,0.0578278462425507,0.0581143729072187,0.0523232750897539,0.95,0.2051034694581989,1237.6950630849983,0.8292624900175507,0.2393007256063581,0.0058114372907218,smooth_n500_p50,0.0007431460400161,0.0,3.0,7.0,1.0,0.4443991686175917
stage2,smooth,500,50,random_forest,0,100,0,0,-0.0094824111908805,0.0599535826012571,0.0594971856115037,0.0530638468848596,0.91,0.2080064575509456,115.51602207999676,0.8561942607081964,0.2430047363324557,0.0059497185611503,smooth_n500_p50,0.0094824111908805,0.0399999999999999,4.0,5.0,4.0,0.45493636845787827
stage2,smooth,500,50,xgboost,0,100,0,0,-0.004297279815055,0.0610323797363459,0.0611876131459433,0.0525949682841785,0.88,0.2061684872100325,176.64206216099905,0.908110778575402,0.2727818723505811,0.0061187613145943,smooth_n500_p50,0.004297279815055,0.0699999999999999,5.0,6.0,5.0,0.4966959722293182
stage2,smooth,500,50,mlp,0,100,0,0,0.0775210239153508,0.0952712460973984,0.0556604168517245,0.0533169206081223,0.67,0.2089984883170024,3.763560632991138,2.916115857497098,1.0027066727548564,0.0055660416851724,smooth_n500_p50,0.0775210239153508,0.2799999999999999,6.0,2.0,6.0,1.7088404345853159
stage2,smooth,500,50,lasso,0,100,0,0,0.2336349715348716,0.2390048062134535,0.0506323395380974,0.0501269434709374,0.01,0.1964940077162253,0.1002354909980204,2.453386605166369,0.647192148261741,0.0050632339538097,smooth_n500_p50,0.2336349715348716,0.94,7.0,1.0,7.0,1.259628717458297
stage2,smooth,1000,50,tabiclv2_8,8,100,0,0,0.001490665852123,0.0351234753060439,0.0352686147266798,0.035047893982395,0.95,0.1373852198789448,12.879210062001366,0.3692137808574122,0.054523363890626,0.0035268614726679,smooth_n1000_p50,0.001490665852123,0.0,1.0,4.0,1.0,0.141383457157121
stage2,smooth,1000,50,tabiclv2_1,1,100,0,0,0.0001492890763845,0.0358297969757176,0.036009988290187,0.0349159933532254,0.95,0.1368681789135235,4.882586428992218,0.361336565930838,0.0575648848606706,0.0036009988290187,smooth_n1000_p50,0.0001492890763845,0.0,2.0,2.0,1.0,0.14341349217074265
stage2,smooth,1000,50,ensemble,0,100,0,0,-0.0102372843210088,0.0377529579680991,0.0365215287978088,0.0360754235600275,0.95,0.1414130618093634,2143.4620691690056,0.5987206362478174,0.1526174287711825,0.0036521528797808,smooth_n1000_p50,0.0102372843210088,0.0,3.0,7.0,1.0,0.3019017046231592
stage2,smooth,1000,50,xgboost,0,100,0,0,-0.0143271551320329,0.0401324380946636,0.0376767915226212,0.0356376363715732,0.94,0.1396969675648365,216.32163636900484,0.6246156739106978,0.1821389692300982,0.0037676791522621,smooth_n1000_p50,0.0143271551320329,0.01,4.0,5.0,4.0,0.3368559966951969
stage2,smooth,1000,50,random_forest,0,100,0,0,-0.0201460482630691,0.0430233699577527,0.0382066034525122,0.0369969071807239,0.93,0.1450252112271803,262.5300373129989,0.6653405167742763,0.1635882429670215,0.0038206603452512,smooth_n1000_p50,0.0201460482630691,0.0199999999999999,5.0,6.0,5.0,0.32949671813956244
stage2,smooth,1000,50,mlp,0,100,0,0,0.0647342222068096,0.0771573505233363,0.0421964766476437,0.0385897544231549,0.6,0.1512690576832578,6.602201269002398,2.6922448305293147,0.8639882895935513,0.0042196476647643,smooth_n1000_p50,0.0647342222068096,0.35,6.0,3.0,6.0,1.5244794265751682
stage2,smooth,1000,50,lasso,0,100,0,0,0.2273833257829213,0.2297392559002549,0.0329822244366353,0.0354113898367303,0.0,0.1388100974449984,0.1070757660001982,2.378540222054482,0.6260116049415941,0.0032982224436635,smooth_n1000_p50,0.2273833257829213,0.95,7.0,1.0,7.0,1.2200588446893017
stage2,smooth,1000,100,tabiclv2_1,1,100,0,0,-0.0072129572693743,0.0379411639395885,0.0374368851835104,0.0351057657914409,0.91,0.137612073201845,4.910811087006005,0.3629240889877297,0.0599085587651272,0.003743688518351,smooth_n1000_p100,0.0072129572693743,0.0399999999999999,1.0,2.0,2.0,0.14646682353039187
stage2,smooth,1000,100,tabiclv2_8,8,100,0,0,-0.0073400515806055,0.0381945551847418,0.0376714623999098,0.0353997417772599,0.92,0.1387644378908947,15.290129200000084,0.3795247272917106,0.0572899295982006,0.0037671462399909,smooth_n1000_p100,0.0073400515806055,0.0299999999999999,2.0,4.0,1.0,0.14665112918786363
stage2,smooth,1000,100,ensemble,0,100,0,0,-0.0176007643027147,0.0430514806022194,0.0394871552827856,0.0364676916755273,0.9,0.1429507245666897,3704.273248066988,0.6459386427820906,0.1667496288534363,0.0039487155282785,smooth_n1000_p100,0.0176007643027147,0.0499999999999999,3.0,7.0,3.0,0.3275521384226412
stage2,smooth,1000,100,xgboost,0,100,0,0,-0.0181877762174934,0.0449991250496945,0.0413671178094271,0.0362757521608323,0.9,0.1421983354946648,832.2181185629976,0.6884085629131431,0.1986950186189481,0.0041367117809427,smooth_n1000_p100,0.0181877762174934,0.0499999999999999,4.0,5.0,3.0,0.3692955909559078
stage2,smooth,1000,100,random_forest,0,100,0,0,-0.0293372285767977,0.0494318833487547,0.0399853269910783,0.0371161067668272,0.86,0.1454924650186497,855.6759672350029,0.690826304272523,0.1755074432254039,0.0039985326991078,smooth_n1000_p100,0.0293372285767977,0.0899999999999999,5.0,6.0,5.0,0.34745769832782164
stage2,smooth,1000,100,mlp,0,100,0,0,0.061958483808505,0.0754749388471762,0.0433171610630455,0.0368860782024491,0.63,0.1445907696154564,6.291909122008365,2.9117405061950823,1.0464993782914294,0.0043317161063045,smooth_n1000_p100,0.061958483808505,0.3199999999999999,6.0,3.0,6.0,1.7449999747007292
stage2,smooth,1000,100,lasso,0,100,0,0,0.2244436557847446,0.2272953507290304,0.0360726237310291,0.0352989633707681,0.0,0.1383693937966083,0.1226305330020841,2.398274009954439,0.6362368708180162,0.0036072623731029,smooth_n1000_p100,0.2244436557847446,0.95,7.0,1.0,7.0,1.235108387284316
stage2,tree,2000,10,xgboost,0,100,0,0,-0.0502880598014892,0.0566005353337871,0.0261064572969816,0.0236390962146012,0.42,0.092663554415391,54.99382433399791,0.279678387204942,0.1273986587341167,0.0026106457296981,tree_n2000_p10,0.0502880598014892,0.53,1.0,5.0,1.0,0.18857013758692776
stage2,tree,2000,10,ensemble,0,100,0,0,-0.0641166086401661,0.0685315381769202,0.0243217536037612,0.0236548151668037,0.24,0.0927251715757744,1054.081731421008,0.2523272608909928,0.1268351180211837,0.0024321753603761,tree_n2000_p10,0.0641166086401661,0.71,2.0,7.0,2.0,0.17868511746662338
stage2,tree,2000,10,lasso,0,100,0,0,-0.0726567444590894,0.0759121243794943,0.022102792739453,0.0217996377813439,0.07,0.0854530098549057,0.0970407849992625,0.7242508798464737,0.4934293075719692,0.0022102792739453,tree_n2000_p10,0.0726567444590894,0.8799999999999999,3.0,1.0,4.0,0.597722673647374
stage2,tree,2000,10,mlp,0,100,0,0,-0.0736161737131664,0.0770124005686499,0.0227318316659256,0.0226475977647546,0.08,0.0887769519105377,11.181407200008396,0.7151917663858797,0.4342515866384266,0.0022731831665925,tree_n2000_p10,0.0736161737131664,0.87,4.0,4.0,3.0,0.5571317261504827
stage2,tree,2000,10,tabiclv2_1,1,100,0,0,-0.0974378915932741,0.0999746805943666,0.0224911664321299,0.0229882585566841,0.01,0.0901123176767913,4.318975861992222,0.2395360462230684,0.1857111763351877,0.0022491166432129,tree_n2000_p10,0.0974378915932741,0.94,5.0,2.0,5.0,0.21067070549485173
stage2,tree,2000,10,random_forest,0,100,0,0,-0.0976040753410972,0.1005381665331137,0.0242330312733775,0.0238497263200218,0.01,0.0934892092567598,109.42975424200644,0.2765529710521766,0.1601866335889989,0.0024233031273377,tree_n2000_p10,0.0976040753410972,0.94,6.0,6.0,5.0,0.21031312379711642
stage2,tree,2000,10,tabiclv2_8,8,100,0,0,-0.0991474753966135,0.1015641637559828,0.0221349735137534,0.0229148882502633,0.01,0.0898247113605526,7.391554579004878,0.2335673194914689,0.1879003225088908,0.0022134973513753,tree_n2000_p10,0.0991474753966135,0.94,7.0,3.0,5.0,0.20922801815646772
stage2,tree,5000,10,xgboost,0,100,0,0,-0.040338112304765,0.043784420889464,0.0171125864339228,0.0147895054816741,0.25,0.0579737961864778,87.23213577199378,0.1769072521281864,0.0732254716816059,0.0017112586433922,tree_n5000_p10,0.040338112304765,0.7,1.0,5.0,1.0,0.11370800288875957
stage2,tree,5000,10,ensemble,0,100,0,0,-0.0443395277713788,0.0474866217163232,0.0170852147978062,0.0147796185047225,0.17,0.0579350399489959,1978.889253678003,0.169126721724228,0.0735422566108288,0.0017085214797806,tree_n5000_p10,0.0443395277713788,0.7799999999999999,2.0,7.0,2.0,0.11141216038302726
stage2,tree,5000,10,lasso,0,100,0,0,-0.0716370869646242,0.0730880260596325,0.0145639420694544,0.0137654237025031,0.0,0.0539594693776801,0.1093490630027372,0.716924136677887,0.4901164283037286,0.0014563942069454,tree_n5000_p10,0.0716370869646242,0.95,3.0,1.0,3.0,0.5927379509479841
stage2,tree,5000,10,mlp,0,100,0,0,-0.0733300956087808,0.0754182825955044,0.0177130445472755,0.0145642685442006,0.0,0.0570908836156056,35.752909218999555,0.5156964838721898,0.3054583123087468,0.0017713044547275,tree_n5000_p10,0.0733300956087808,0.95,4.0,4.0,3.0,0.39654788441698335
stage2,tree,5000,10,random_forest,0,100,0,0,-0.0814122424908382,0.0833578549144106,0.0179949136625355,0.0149258464530088,0.0,0.0585082429733444,756.1388223619957,0.2022338933240151,0.1133737618586826,0.0017994913662535,tree_n5000_p10,0.0814122424908382,0.95,5.0,6.0,3.0,0.15129372487256984
stage2,tree,5000,10,tabiclv2_1,1,100,0,0,-0.0923003309703732,0.0936333803495538,0.0158228455997174,0.0143143737379972,0.0,0.0561113139754413,4.963697966991458,0.1616462840580392,0.1544388582982843,0.0015822845599717,tree_n5000_p10,0.0923003309703732,0.95,6.0,2.0,3.0,0.15788512927171958
stage2,tree,5000,10,tabiclv2_8,8,100,0,0,-0.0948468545205322,0.0962674558385997,0.0165601822928816,0.0142692035660319,0.0,0.0559342501549862,13.032343614997808,0.1563290016350568,0.1571584834006118,0.0016560182292881,tree_n5000_p10,0.0948468545205322,0.95,7.0,3.0,3.0,0.15660297485365507
stage2,tree,5000,50,lasso,0,100,0,0,-0.0697071118362351,0.0712165502511504,0.0146582478980139,0.0138833029812254,0.0,0.0544215476593188,0.1884708440036047,0.7207291227758093,0.4900513356052727,0.0014658247898013,tree_n5000_p50,0.0697071118362351,0.95,1.0,1.0,1.0,0.5942717962381345
stage2,tree,5000,50,xgboost,0,100,0,0,-0.0996866600053947,0.1012633783671447,0.0178897187136319,0.0147272908775096,0.0,0.0577299194195282,731.9100323019945,0.2076140798540138,0.1596813398639264,0.0017889718713631,tree_n5000_p50,0.0996866600053947,0.95,2.0,5.0,1.0,0.18186880258861088
stage2,tree,5000,50,tabiclv2_1,1,100,0,0,-0.1054987123144118,0.1067655447239615,0.0164808808790883,0.0143130541991429,0.0,0.0561061414781799,6.712795423998032,0.1642014269364668,0.1755079224837478,0.0016480880879088,tree_n5000_p50,0.1054987123144118,0.95,3.0,2.0,1.0,0.1696368563089543
stage2,tree,5000,50,ensemble,0,100,0,0,-0.1077556104316601,0.1091548878370761,0.0175095344654547,0.014768059151675,0.0,0.0578897281176806,5603.009952739007,0.198920243302604,0.1578686248535142,0.0017509534465454,tree_n5000_p50,0.1077556104316601,0.95,4.0,7.0,1.0,0.1770477810868864
stage2,tree,5000,50,tabiclv2_8,8,100,0,0,-0.1145473359663861,0.1156774991493824,0.0162117189331328,0.0142378050468179,0.0,0.0558111702213314,26.722121280994035,0.1573281188681226,0.1862626815358645,0.0016211718933132,tree_n5000_p50,0.1145473359663861,0.95,5.0,4.0,1.0,0.17110872196928475
stage2,tree,5000,50,mlp,0,100,0,0,-0.1212590456761315,0.1221541635514324,0.0148352404175469,0.0145496911706357,0.0,0.0570337413612529,16.324857346998762,0.901454179421726,0.588763301182899,0.0014835240417546,tree_n5000_p50,0.1212590456761315,0.95,6.0,3.0,1.0,0.7284450211749287
stage2,tree,5000,50,random_forest,0,100,0,0,-0.1286317907072202,0.1297014623304687,0.0167069739903735,0.01503069134419,0.0,0.0589192273947008,2031.7643377330007,0.2399237325261396,0.17465042552323,0.0016706973990373,tree_n5000_p50,0.1286317907072202,0.95,7.0,6.0,1.0,0.20458891730147902
